std,max_gain,LFU,qLFU,LRU,GRD,qLRU
100.000000,1877.96,1301.33,1416.60,737.61,1742.12,1419.08
316.227766,1877.96,1301.33,1482.09,713.67,1800.40,1460.83
