alpha,max_gain,LFU,qLFU,LRU,GRD,qLRU
0.600000,829.42,545.53,584.32,180.47,736.88,399.33
0.700000,1290.43,860.61,892.32,383.24,1178.65,803.77
0.800000,1877.96,1301.33,1492.26,735.64,1806.48,1447.20
0.900000,2483.11,1815.55,1955.25,1250.44,2400.53,1877.13
1.000000,2900.89,2248.71,2437.10,1750.98,2898.69,2336.18
