GRD,LFU,LRU,Optimal,WLFU,WLRU,alpha,cache_ratio
109.4898418359694,97.43470921373402,49.19616934610218,125.30221320085042,124.45397925767013,73.07415115430814,0.7,0.01
222.64578923684604,212.0002629914957,160.84576384745384,251.8598331695328,250.39598326733613,204.12874431187595,0.8,0.05
91.65013916434727,86.09939196878462,30.37236542544858,101.56311097018215,101.25519979080003,51.84339635943394,0.8,0.001
259.8660022332961,246.3628707240311,197.7858740470865,292.2051102591285,290.5420715763214,252.18104963649174,0.8,0.1
161.9586340227663,147.69788412742605,93.88265372448758,177.08180620950873,176.30522061579657,123.6496193917301,0.8,0.01
72.82211963133948,62.483636646587165,23.79925400248666,87.34365848201601,86.45778559036907,41.39286810118865,0.6,0.01
138.24936251062482,128.37323230471745,72.78672404425319,151.52983055145145,150.84095819317363,97.06609048898491,0.8,0.005
304.1020982983617,294.7847893625841,247.42934190219367,320.4607227412665,320.0029049995158,279.05653849057694,1.0,0.01
226.3702271628806,214.5416858196,161.0162299459002,243.20102057484263,242.46502625582895,193.62978106170317,0.9,0.01
